{
  "test/models/patient_test.rb": 18.27361512184143,
  "test/controllers/events_controller_test.rb": 1.1159589290618896,
  "test/controllers/accountants_controller_test.rb": 0.8749184608459473,
  "test/system/create_user_test.rb": 13.594414234161377,
  "test/controllers/lines_controller_test.rb": 0.34127163887023926,
  "test/system/tooltips_test.rb": 2.9295825958251953,
  "test/helpers/patients_helper_test.rb": 0.4180638790130615,
  "test/system/voicemail_preference_in_call_modal_test.rb": 8.254693031311035,
  "test/controllers/configs_controller_test.rb": 0.6307613849639893,
  "test/controllers/patients_controller_test.rb": 6.894303560256958,
  "test/system/update_patient_info_test.rb": 69.36360621452332,
  "test/helpers/notes_helper_test.rb": 0.33498287200927734,
  "test/helpers/calls_helper_test.rb": 0.5945632457733154,
  "test/models/archived_patient_test.rb": 1.7997205257415771,
  "test/services/pledge_form_generator_test.rb": 1.5529379844665527,
  "test/controllers/users_controller_test.rb": 4.437976360321045,
  "test/system/authorization_test.rb": 15.270477056503296,
  "test/system/select_line_test.rb": 3.130584955215454,
  "test/helpers/external_pledges_helper_test.rb": 0.24263882637023926,
  "test/models/user_test.rb": 3.244105100631714,
  "test/models/event_test.rb": 0.11617040634155273,
  "test/system/pledge_fulfillment_test.rb": 26.642619132995605,
  "test/helpers/dashboards_helper_test.rb": 0.08830499649047852,
  "test/system/accountant_workflow_test.rb": 29.08230209350586,
  "test/system/logging_calls_test.rb": 67.3436107635498,
  "test/models/external_pledge_test.rb": 0.6602351665496826,
  "test/models/config_test.rb": 0.5639569759368896,
  "test/system/submit_pledge_test.rb": 24.900182247161865,
  "test/controllers/notes_controller_test.rb": 1.2501788139343262,
  "test/system/navbar_links_test.rb": 37.36491298675537,
  "test/system/user_management_test.rb": 51.87565016746521,
  "test/system/new_patient_creation_test.rb": 24.86932110786438,
  "test/helpers/navbar_helper_test.rb": 0.09740304946899414,
  "test/controllers/dashboards_controller_test.rb": 0.3147547245025635,
  "test/helpers/budget_bar_helper_test.rb": 0.026530027389526367,
  "test/system/filter_naf_clinics_test.rb": 2.4962761402130127,
  "test/controllers/clinicfinders_controller_test.rb": 0.1352987289428711,
  "test/integration/google_sso_test.rb": 3.0767014026641846,
  "test/system/activity_log_test.rb": 33.47348237037659,
  "test/system/updating_configs_test.rb": 11.099543571472168,
  "test/lib/reporting/patient_test.rb": 8.510241270065308,
  "test/models/audit_trail_test.rb": 0.5316727161407471,
  "test/helpers/pledges_helper_test.rb": 0.019124984741210938,
  "test/helpers/users_helper_test.rb": 0.013711929321289062,
  "test/controllers/clinics_controller_test.rb": 1.169363021850586,
  "test/system/change_user_roles_test.rb": 5.267723798751831,
  "test/system/call_list_test.rb": 47.57941794395447,
  "test/system/data_entry_test.rb": 24.892471313476562,
  "test/system/clinic_management_test.rb": 34.4819221496582,
  "test/system/record_lookup_test.rb": 22.527193307876587,
  "test/models/clinic_test.rb": 0.3956928253173828,
  "test/models/note_test.rb": 0.49083995819091797,
  "test/lib/reports/line_summary_test.rb": 0.0422978401184082,
  "test/models/fulfillment_test.rb": 0.33703184127807617,
  "test/helpers/lines_helper_test.rb": 0.02688908576965332,
  "test/system/mark_urgent_cases_test.rb": 5.3337242603302,
  "test/system/filter_medicaid_clinics_test.rb": 2.326655149459839,
  "test/controllers/calls_controller_test.rb": 1.3448777198791504,
  "test/helpers/clinicfinders_helper_test.rb": 0.15758752822875977,
  "test/controllers/call_lists_controller_test.rb": 3.9503540992736816,
  "test/helpers/change_log_helper_test.rb": 0.02219390869140625,
  "test/system/change_log_test.rb": 2.3770787715911865,
  "test/helpers/welcome_message_helper_test.rb": 0.02691173553466797,
  "test/models/call_test.rb": 0.7646389007568359,
  "test/helpers/tooltips_helper_test.rb": 0.2708401679992676,
  "test/controllers/external_pledges_controller_test.rb": 1.17441725730896,
  "test/controllers/reports_controller_test.rb": 0.42280054092407227,
  "test/helpers/tables_helper_test.rb": 0.029997587203979492,
  "test/system/user_searches_test.rb": 4.838380336761475,
  "test/system/update_user_info_test.rb": 7.061197280883789,
  "test/system/drag_and_drop_test.rb": 2.2630836963653564,
  "test/system/urgent_cases_test.rb": 7.03978419303894,
  "test/system/routing_test.rb": 6.217419862747192,
  "test/system/display_pledge_info_errors_test.rb": 7.739401817321777,
  "test/system/note_creation_test.rb": 5.2206971645355225,
  "test/system/create_new_external_pledge_test.rb": 3.3476321697235107,
  "/Users/colin/.rbenv/versions/2.5.1/lib/ruby/gems/2.5.0/gems/minitest-spec-rails-5.4.0/lib/minitest-spec-rails/dsl.rb": 0.07519793510437012,
  "test/system/account_lockings_test.rb": 4.777674913406372,
  "test/system/table_content_test.rb": 1.7277650833129883,
  "test/system/password_reset_test.rb": 2.152820110321045
}