{
  "test/models/clinic_test.rb": 0.9618380069732666,
  "test/controllers/patients_controller_test.rb": 12.083849668502808,
  "test/controllers/users_controller_test.rb": 2.592172622680664,
  "test/services/pledge_form_generator_test.rb": 1.449059009552002,
  "test/helpers/budget_bar_helper_test.rb": 0.01320195198059082,
  "test/system/create_user_test.rb": 12.6815664768219,
  "test/controllers/accountants_controller_test.rb": 0.1265735626220703,
  "test/models/patient_test.rb": 11.8943030834198,
  "test/controllers/calls_controller_test.rb": 0.8818962574005127,
  "test/system/updating_configs_test.rb": 11.056405305862427,
  "test/models/audit_trail_test.rb": 0.3520646095275879,
  "test/system/submit_pledge_test.rb": 40.262513637542725,
  "test/system/update_patient_info_test.rb": 49.73216414451599,
  "test/controllers/clinics_controller_test.rb": 0.4823465347290039,
  "test/models/user_test.rb": 1.6728363037109375,
  "test/controllers/events_controller_test.rb": 0.0631718635559082,
  "test/helpers/patients_helper_test.rb": 0.17168617248535156,
  "test/system/call_list_test.rb": 39.90806031227112,
  "test/system/user_management_test.rb": 21.241049766540527,
  "test/models/note_test.rb": 0.3976097106933594,
  "test/models/event_test.rb": 0.0701754093170166,
  "test/lib/reporting/patient_test.rb": 5.838196516036987,
  "test/helpers/external_pledges_helper_test.rb": 0.1408545970916748,
  "test/system/navbar_links_test.rb": 38.2852897644043,
  "test/system/logging_calls_test.rb": 37.15400528907776,
  "test/controllers/configs_controller_test.rb": 0.40161728858947754,
  "test/system/select_line_test.rb": 3.6883692741394043,
  "test/helpers/notes_helper_test.rb": 0.21123814582824707,
  "test/controllers/lines_controller_test.rb": 0.2044670581817627,
  "test/helpers/dashboards_helper_test.rb": 0.0426640510559082,
  "test/system/data_entry_test.rb": 28.938759565353394,
  "test/system/new_patient_creation_test.rb": 20.914846897125244,
  "test/system/authorization_test.rb": 15.966875314712524,
  "test/models/call_test.rb": 0.40051937103271484,
  "test/helpers/lines_helper_test.rb": 0.01446390151977539,
  "test/controllers/notes_controller_test.rb": 0.8155181407928467,
  "test/system/pledge_fulfillment_test.rb": 29.699363231658936,
  "test/system/urgent_cases_test.rb": 6.75331711769104,
  "test/models/fulfillment_test.rb": 0.24660968780517578,
  "test/controllers/reports_controller_test.rb": 0.23306560516357422,
  "test/controllers/external_pledges_controller_test.rb": 0.871051549911499,
  "test/models/config_test.rb": 0.32693958282470703,
  "test/system/voicemail_preference_in_call_modal_test.rb": 8.751064777374268,
  "test/helpers/calls_helper_test.rb": 0.3512899875640869,
  "test/models/external_pledge_test.rb": 0.5001401901245117,
  "test/system/record_lookup_test.rb": 22.75702214241028,
  "test/system/update_user_info_test.rb": 8.227282524108887,
  "test/system/password_reset_test.rb": 2.4798543453216553,
  "test/controllers/dashboards_controller_test.rb": 0.20679521560668945,
  "test/system/drag_and_drop_test.rb": 2.062969446182251,
  "test/helpers/users_helper_test.rb": 0.007984638214111328,
  "test/helpers/pledges_helper_test.rb": 0.008722066879272461,
  "test/system/activity_log_test.rb": 11.385448217391968,
  "test/system/filter_naf_clinics_test.rb": 2.6298818588256836,
  "test/system/routing_test.rb": 6.424027919769287,
  "test/system/note_creation_test.rb": 4.709227085113525,
  "test/system/filter_medicaid_clinics_test.rb": 2.81172513961792,
  "test/system/create_new_external_pledge_test.rb": 2.504397392272949,
  "test/system/change_log_test.rb": 2.6756484508514404,
  "test/lib/reports/line_summary_test.rb": 0.02665424346923828,
  "vendor/bundle/ruby/2.4.0/gems/minitest-spec-rails-5.4.0/lib/minitest-spec-rails/dsl.rb": 0.029450654983520508,
  "test/helpers/tables_helper_test.rb": 0.015625953674316406,
  "test/helpers/change_log_helper_test.rb": 0.00786447525024414,
  "test/system/table_content_test.rb": 1.6025865077972412,
  "test/system/display_pledge_info_errors_test.rb": 11.200324058532715,
  "test/helpers/welcome_message_helper_test.rb": 0.013204336166381836,
  "test/system/mark_urgent_cases_test.rb": 5.77300763130188
}
