{
  "test/controllers/clinics_controller_test.rb": 3.0343470573425293,
  "test/models/patient_test.rb": 16.59962034225464,
  "test/controllers/users_controller_test.rb": 7.355727434158325,
  "test/system/table_content_test.rb": 5.194104194641113,
  "test/controllers/patients_controller_test.rb": 6.283637046813965,
  "test/models/user_test.rb": 2.6442208290100098,
  "test/system/create_user_test.rb": 9.116294384002686,
  "test/system/voicemail_preference_in_call_modal_test.rb": 8.094375133514404,
  "test/lib/reporting/patient_test.rb": 8.07844877243042,
  "test/system/clinic_management_test.rb": 28.888850450515747,
  "test/helpers/patients_helper_test.rb": 0.29375195503234863,
  "test/models/event_test.rb": 0.12269401550292969,
  "test/system/change_user_roles_test.rb": 5.3932859897613525,
  "test/controllers/accountants_controller_test.rb": 0.7327079772949219,
  "test/system/accountant_workflow_test.rb": 27.071041345596313,
  "test/models/call_test.rb": 0.5367379188537598,
  "test/system/update_patient_info_test.rb": 127.15396189689636,
  "test/system/tooltips_test.rb": 2.931457042694092,
  "test/system/submit_pledge_test.rb": 22.03100299835205,
  "test/system/filter_naf_clinics_test.rb": 2.4631288051605225,
  "test/system/authorization_test.rb": 14.826456308364868,
  "test/system/display_pledge_info_errors_test.rb": 7.742062568664551,
  "test/controllers/reports_controller_test.rb": 0.3721013069152832,
  "test/services/pledge_form_generator_test.rb": 1.502678394317627,
  "test/lib/reports/line_summary_test.rb": 0.05135297775268555,
  "test/system/data_entry_test.rb": 25.77504301071167,
  "test/models/note_test.rb": 0.4951140880584717,
  "test/models/config_test.rb": 0.4486730098724365,
  "test/controllers/dashboards_controller_test.rb": 0.3099970817565918,
  "test/helpers/welcome_message_helper_test.rb": 0.04413795471191406,
  "test/system/password_reset_test.rb": 2.231635093688965,
  "test/system/user_management_test.rb": 19.90439200401306,
  "test/helpers/tables_helper_test.rb": 0.029243946075439453,
  "test/controllers/configs_controller_test.rb": 0.5277364253997803,
  "test/helpers/calls_helper_test.rb": 0.46202731132507324,
  "test/system/activity_log_test.rb": 9.413699626922607,
  "test/helpers/budget_bar_helper_test.rb": 0.03940272331237793,
  "test/models/external_pledge_test.rb": 0.6563739776611328,
  "test/models/clinic_test.rb": 0.41411709785461426,
  "test/system/updating_configs_test.rb": 11.432768106460571,
  "test/system/logging_calls_test.rb": 33.58471655845642,
  "test/system/select_line_test.rb": 3.497284173965454,
  "test/system/note_creation_test.rb": 3.7361342906951904,
  "test/controllers/external_pledges_controller_test.rb": 1.1687750816345215,
  "test/helpers/tooltips_helper_test.rb": 0.18473410606384277,
  "test/system/change_log_test.rb": 2.116147994995117,
  "test/system/navbar_links_test.rb": 37.133575201034546,
  "test/controllers/clinicfinders_controller_test.rb": 0.14801621437072754,
  "test/helpers/pledges_helper_test.rb": 0.013673067092895508,
  "test/system/record_lookup_test.rb": 21.517826318740845,
  "test/helpers/clinicfinders_helper_test.rb": 0.10136055946350098,
  "test/models/audit_trail_test.rb": 0.44243717193603516,
  "test/controllers/calls_controller_test.rb": 1.2282140254974365,
  "test/helpers/external_pledges_helper_test.rb": 0.2098064422607422,
  "test/helpers/dashboards_helper_test.rb": 0.06827902793884277,
  "test/system/call_list_test.rb": 44.57835268974304,
  "test/system/drag_and_drop_test.rb": 2.010227918624878,
  "test/system/create_new_external_pledge_test.rb": 2.1786928176879883,
  "test/controllers/notes_controller_test.rb": 1.1504909992218018,
  "test/helpers/users_helper_test.rb": 0.01292109489440918,
  "test/helpers/notes_helper_test.rb": 0.3069639205932617,
  "test/system/user_searches_test.rb": 5.4016149044036865,
  "test/models/fulfillment_test.rb": 0.3677713871002197,
  "test/helpers/lines_helper_test.rb": 0.02470707893371582,
  "test/system/pledge_fulfillment_test.rb": 27.053781986236572,
  "test/helpers/change_log_helper_test.rb": 0.013750076293945312,
  "test/system/routing_test.rb": 5.905645132064819,
  "test/system/update_user_info_test.rb": 7.508229732513428,
  "test/controllers/lines_controller_test.rb": 0.2561836242675781,
  "test/system/new_patient_creation_test.rb": 22.812678575515747,
  "test/controllers/events_controller_test.rb": 0.07520580291748047,
  "test/system/filter_medicaid_clinics_test.rb": 2.477100133895874,
  "test/system/mark_urgent_cases_test.rb": 5.492021799087524,
  "test/system/urgent_cases_test.rb": 6.666143178939819
}
