{
  "test/controllers/accountants_controller_test.rb": 0.9005169868469238,
  "test/models/fulfillment_test.rb": 0.3645503520965576,
  "test/models/patient_test.rb": 8.258434295654297,
  "test/helpers/status_helper_test.rb": 0.9465186595916748,
  "test/controllers/users_controller_test.rb": 3.443493127822876,
  "test/integration/update_patient_info_test.rb": 53.980615854263306,
  "test/helpers/dashboards_helper_test.rb": 0.04267072677612305,
  "test/helpers/patients_helper_test.rb": 0.10039305686950684,
  "test/controllers/clinics_controller_test.rb": 0.4824984073638916,
  "test/integration/dashboard_link_test.rb": 0.9624080657958984,
  "test/integration/logging_calls_test.rb": 22.481576204299927,
  "test/helpers/notes_helper_test.rb": 0.2655634880065918,
  "test/helpers/last_menstrual_period_helper_test.rb": 1.005056381225586,
  "test/integration/authorization_test.rb": 3.611358880996704,
  "test/integration/pledge_fulfillment_test.rb": 18.809894323349,
  "test/lib/reporting/patient_test.rb": 6.823135852813721,
  "test/integration/drag_and_drop_test.rb": 1.2985174655914307,
  "test/helpers/calls_helper_test.rb": 0.36697912216186523,
  "test/integration/record_lookup_test.rb": 15.462406635284424,
  "test/controllers/reports_controller_test.rb": 0.1809070110321045,
  "test/controllers/external_pledges_controller_test.rb": 1.2883355617523193,
  "test/integration/navbar_links_test.rb": 1.4086194038391113,
  "test/integration/voicemail_preference_in_call_modal_test.rb": 5.3624267578125,
  "test/integration/change_log_test.rb": 1.3421783447265625,
  "test/controllers/lines_controller_test.rb": 0.2711367607116699,
  "test/models/pregnancy_test.rb": 1.547133207321167,
  "test/models/user_test.rb": 1.8841497898101807,
  "test/integration/new_patient_creation_test.rb": 15.667806625366211,
  "test/models/audit_trail_test.rb": 0.3546731472015381,
  "test/models/external_pledge_test.rb": 0.5321493148803711,
  "test/integration/call_list_test.rb": 25.656646013259888,
  "test/integration/urgent_cases_test.rb": 5.468931198120117,
  "test/controllers/patients_controller_test.rb": 3.6594574451446533,
  "test/models/note_test.rb": 0.4379138946533203,
  "test/integration/routing_test.rb": 0.2672545909881592,
  "test/integration/data_entry_test.rb": 6.756590843200684,
  "test/integration/create_user_test.rb": 5.643731594085693,
  "test/models/call_test.rb": 0.4798548221588135,
  "test/controllers/dashboards_controller_test.rb": 0.3730759620666504,
  "test/helpers/change_log_helper_test.rb": 0.008392095565795898,
  "test/integration/select_line_test.rb": 1.9720776081085205,
  "test/helpers/budget_bar_helper_test.rb": 0.017169713973999023,
  "test/helpers/external_pledges_helper_test.rb": 0.07100725173950195,
  "test/integration/update_user_info_test.rb": 9.012722253799438,
  "vendor/bundle/ruby/2.4.0/gems/minitest-spec-rails-5.4.0/lib/minitest-spec-rails/dsl.rb": 0.042215585708618164,
  "test/integration/display_pledge_info_errors_test.rb": 4.680459499359131,
  "test/controllers/calls_controller_test.rb": 1.021301031112671,
  "test/integration/google_sso_test.rb": 0.18637371063232422,
  "test/integration/submit_pledge_test.rb": 1.8072223663330078,
  "test/controllers/notes_controller_test.rb": 1.2451469898223877,
  "test/lib/reports/line_summary_test.rb": 0.043898820877075195,
  "test/integration/note_creation_test.rb": 2.287245035171509,
  "test/integration/create_new_external_pledge_test.rb": 1.0456633567810059,
  "test/integration/table_content_test.rb": 0.19585752487182617,
  "test/integration/everything_ok_alarm_test.rb": 0.008645296096801758,
  "test/models/clinic_test.rb": 0.31729555130004883,
  "test/integration/password_reset_test.rb": 0.6735208034515381,
  "test/helpers/pledges_helper_test.rb": 0.009146451950073242,
  "test/helpers/welcome_message_helper_test.rb": 0.015491247177124023,
  "test/helpers/lines_helper_test.rb": 0.015311956405639648
}